name,PTS,REB,AST,STL,BLK,FG%,3PM,FT%,TOV,MIN,team_color,team,championships
Nikola Jokić,30.0,13.4,9.5,1.1,1.0,54.8,1.8,79.9,3.5,39.5,#0E2240,DEN,"2023(FMVP)"
Jimmy Butler,26.9,6.5,5.9,1.8,0.6,46.8,1.3,80.6,1.9,39.7,#98002E,MIA,
Jayson Tatum,27.1,10.5,5.2,1.1,1.1,45.8,2.6,87.6,2.8,40.0,#007A33,BOS,
Jamal Murray,26.1,5.7,7.1,1.5,0.2,47.3,3.0,92.6,2.5,40.0,#0E2240,DEN,"2023"
Jaylen Brown,22.6,5.6,3.4,1.1,0.4,49.6,2.0,68.9,3.3,37.5,#007A33,BOS,
Bam Adebayo,17.9,9.9,3.7,0.8,0.7,48.1,0.0,82.1,2.7,37.0,#98002E,MIA,
Stephen Curry,30.5,5.2,6.1,1.0,0.5,46.6,4.4,84.5,3.2,37.9,#1D428A,GSW,"2015,2017,2018,2022(FMVP)"
LeBron James,24.5,9.9,6.5,1.1,1.1,49.8,1.8,76.1,2.5,38.7,#552A83,LAL,"2012(FMVP),2013(FMVP),2016(FMVP),2020(FMVP)"
Devin Booker,33.7,4.8,7.2,1.7,0.8,58.5,2.8,86.6,2.9,41.7,#E56020,PHO,
Anthony Davis,22.6,14.1,2.6,1.4,3.1,52.0,0.3,85.2,2.1,38.0,#552A83,LAL,"2020"
Kevin Durant,29.0,8.7,5.5,0.8,1.4,47.8,1.5,91.7,3.5,42.4,#E56020,PHO,"2017(FMVP),2018(FMVP)"
Jalen Brunson,27.8,4.9,5.6,1.5,0.1,47.4,2.4,91.2,2.1,40.3,#F58426,NYK,
Marcus Smart,14.9,4.0,5.0,1.2,0.2,45.3,2.2,80.0,2.2,34.0,#007A33,BOS,
Caleb Martin,12.7,5.4,1.6,0.9,0.4,52.9,1.9,82.9,1.0,30.2,#98002E,MIA,
Gabe Vincent,12.7,1.4,3.5,0.9,0.2,40.2,2.3,88.2,1.4,30.5,#98002E,MIA,
Austin Reaves,16.9,4.4,4.6,0.6,0.2,46.4,2.4,89.5,1.6,36.2,#552A83,LAL,
Derrick White,13.3,3.0,2.1,0.6,1.0,50.5,2.5,91.2,0.9,29.6,#007A33,BOS,
Michael Porter Jr.,13.3,8.1,1.6,0.5,0.6,42.3,2.3,79.3,0.5,32.7,#0E2240,DEN,"2023"
Aaron Gordon,13.2,6.0,2.6,0.6,0.7,51.8,0.9,65.2,1.0,35.6,#0E2240,DEN,"2023"
Klay Thompson,18.5,4.2,2.2,0.5,0.3,38.8,3.8,87.5,2.0,36.0,#1D428A,GSW,"2015,2017,2018,2022"
Bruce Brown,12.0,4.0,1.9,1.1,0.5,51.1,0.9,85.7,1.1,26.5,#0E2240,DEN,"2023"
Malcolm Brogdon,11.9,3.5,2.9,0.2,0.3,41.8,1.7,82.9,1.0,24.9,#007A33,BOS,
Tyrese Maxey,20.5,4.8,2.3,1.4,0.5,42.7,3.1,90.3,0.7,38.5,#006BB6,PHI,
James Harden,20.3,6.2,8.3,1.8,0.4,39.3,2.8,87.3,3.2,38.8,#006BB6,PHI,
Andrew Wiggins,16.7,5.6,1.9,0.8,1.2,45.9,1.5,68.1,1.3,34.0,#1D428A,GSW,"2022"
Max Strus,9.3,3.6,1.4,0.3,0.3,40.2,1.9,80.0,0.3,28.2,#98002E,MIA,
D'Angelo Russell,13.3,2.9,4.6,0.7,0.3,42.6,1.7,76.9,1.8,29.6,#552A83,LAL,
Joel Embiid,23.7,9.8,2.7,0.7,2.8,43.1,0.6,90.5,3.9,37.3,#006BB6,PHI,
RJ Barrett,19.3,4.5,2.8,0.8,0.2,43.3,1.8,76.9,2.3,34.3,#F58426,NYK,
Kyle Lowry,9.2,3.5,4.4,1.0,0.6,42.5,1.4,93.9,1.7,26.0,#98002E,MIA,"2019"
Kentavious Caldwell-Pope,10.6,3.2,1.6,1.3,0.7,45.7,1.8,82.9,0.8,33.5,#0E2240,DEN,"2023"
Duncan Robinson,9.0,1.5,1.7,0.3,0.1,47.5,2.2,87.5,0.9,18.2,#98002E,MIA,
Rui Hachimura,12.2,3.6,0.6,0.5,0.2,55.7,1.2,88.2,0.6,24.2,#552A83,LAL,
De'Aaron Fox,27.4,5.4,7.7,2.1,0.6,42.4,3.0,75.6,4.0,38.6,#5A2D81,SAC,
Trae Young,29.2,3.7,10.2,1.7,0.7,40.3,3.0,86.0,4.0,38.3,#E03A3E,ATL,
Tobias Harris,15.3,7.3,1.6,0.6,0.5,52.2,1.4,86.7,0.7,35.6,#006BB6,PHI,
Julius Randle,16.6,8.3,3.6,0.5,0.3,37.4,1.7,70.9,3.5,33.0,#F58426,NYK,
Anthony Edwards,31.6,5.0,5.2,1.8,2.0,48.2,3.0,84.6,1.6,39.8,#0C2340,MIN,
Robert Williams,7.7,6.0,0.9,0.5,1.2,78.8,0.0,67.9,0.8,20.9,#007A33,BOS,
Desmond Bane,23.5,6.0,3.2,0.5,0.0,42.2,2.7,93.1,2.8,38.5,#5D76A9,MEM,
Kevin Love,6.8,5.5,1.2,0.5,0.3,37.8,1.6,87.5,0.5,17.9,#98002E,MIA,"2016"
Jordan Poole,10.3,2.2,3.5,0.8,0.2,34.1,1.2,76.5,1.2,21.8,#1D428A,GSW,"2022"
Deandre Ayton,13.4,9.7,1.0,0.6,0.7,55.0,0.0,52.2,1.7,31.9,#E56020,PHO,
Al Horford,6.7,7.2,3.0,1.1,1.7,38.6,1.4,75.0,0.6,30.9,#007A33,BOS,
Malik Monk,19.0,5.4,3.6,0.7,0.4,40.9,1.9,89.8,2.0,29.3,#5A2D81,SAC,
Ja Morant,24.6,6.8,7.0,1.8,0.2,42.5,2.6,76.9,3.4,37.4,#5D76A9,MEM,
Khris Middleton,23.8,6.4,6.2,0.6,0.0,46.5,2.6,86.7,3.4,34.6,#00471B,MIL,"2021"
Dennis Schröder,7.4,1.9,2.9,1.0,0.2,39.8,0.8,82.1,1.2,26.1,#552A83,LAL,
Russell Westbrook,23.6,7.6,7.4,1.2,1.4,41.0,2.0,88.0,4.0,38.4,#C8102E,LAC,
Donovan Mitchell,23.2,5.0,7.2,2.0,0.6,43.3,2.6,72.2,3.8,41.4,#860038,CLE,
Dejounte Murray,23.0,7.2,6.8,2.0,0.2,44.7,2.8,100.0,2.0,38.0,#E03A3E,ATL,
Domantas Sabonis,16.4,11.0,4.7,1.4,0.9,49.5,0.1,57.1,3.7,34.7,#5A2D81,SAC,
Josh Hart,10.4,7.4,2.2,0.8,0.3,47.9,0.9,63.6,1.9,32.1,#F58426,NYK,
Draymond Green,9.4,6.9,6.8,1.5,1.0,46.2,0.4,72.7,2.2,30.6,#1D428A,GSW,"2015,2017,2018,2022"
Norman Powell,21.8,3.0,2.2,0.8,0.4,47.4,2.6,77.4,1.6,33.4,#C8102E,LAC,
Jaren Jackson Jr.,18.0,7.8,1.5,1.0,2.0,42.2,1.2,86.1,3.0,36.7,#5D76A9,MEM,
Darius Garland,20.6,1.8,5.0,1.6,0.2,43.8,2.4,84.0,3.6,37.8,#860038,CLE,
De'Andre Hunter,16.7,5.7,1.2,0.7,0.3,45.9,2.3,80.0,1.5,37.3,#E03A3E,ATL,
Brook Lopez,19.0,6.4,1.2,1.4,1.8,58.2,1.4,76.9,2.2,36.4,#00471B,MIL,"2021"
Mikal Bridges,23.5,5.2,4.0,0.5,0.5,42.9,2.5,78.3,2.0,39.2,#000000,BRK,
Karl-Anthony Towns,18.2,10.2,2.0,0.6,0.8,45.7,1.2,75.0,3.6,36.0,#0C2340,MIN,
Jrue Holiday,17.8,6.6,8.0,1.0,0.4,40.0,2.4,69.2,2.4,38.2,#00471B,MIL,"2021"
Chris Paul,12.4,5.0,7.4,1.7,0.7,41.8,1.3,50.0,1.0,35.7,#E56020,PHO,
De'Anthony Melton,7.9,3.3,1.6,1.2,0.8,38.3,1.7,75.0,0.7,24.9,#006BB6,PHI,
Kevon Looney,6.5,13.1,3.3,0.6,0.4,57.8,0.0,55.6,1.0,25.0,#1D428A,GSW,"2018,2022"
Gary Payton II,6.8,3.7,0.8,0.7,0.5,66.7,0.3,66.7,0.9,16.0,#1D428A,GSW,"2022"
Jeff Green,4.1,1.6,0.7,0.2,0.3,45.2,0.5,89.5,0.5,17.1,#0E2240,DEN,"2023"
Lonnie Walker IV,6.2,0.9,0.8,0.5,0.1,48.3,1.0,75.0,0.3,13.8,#552A83,LAL,
Bogdan Bogdanović,13.3,3.0,2.5,1.0,0.8,55.6,2.5,71.4,0.5,26.2,#E03A3E,ATL,
Obi Toppin,7.0,3.5,0.6,0.7,0.3,42.9,1.2,80.0,0.7,15.9,#F58426,NYK,
Grant Williams,5.1,2.2,1.2,0.3,0.4,47.2,1.2,80.0,0.3,17.7,#007A33,BOS,
Harrison Barnes,10.7,3.4,0.7,1.1,0.3,41.7,0.9,73.1,0.4,28.0,#5A2D81,SAC,"2015"
Caris LeVert,15.0,4.6,2.6,0.4,0.2,42.9,2.6,61.5,1.0,34.0,#860038,CLE,
Rudy Gobert,15.0,12.2,2.0,0.4,1.0,63.0,0.0,63.0,1.6,35.4,#0C2340,MIN,
Cameron Johnson,18.5,5.8,2.8,0.8,0.2,50.9,3.0,85.7,1.2,38.0,#000000,BRK,
Immanuel Quickley,9.0,1.6,1.0,0.5,0.0,34.8,1.1,85.0,1.1,21.9,#F58426,NYK,
Donte DiVincenzo,5.5,3.0,2.8,0.8,0.2,37.5,1.2,66.7,1.3,18.1,#1D428A,GSW,"2021"
Torrey Craig,6.5,2.3,0.5,0.5,0.2,57.8,1.0,88.9,0.3,16.6,#E56020,PHO,
Mitchell Robinson,6.5,9.3,0.8,0.7,1.5,60.4,0.0,39.4,0.9,27.1,#F58426,NYK,
Moses Moody,5.8,2.6,0.7,0.4,0.3,53.5,1.1,91.7,0.2,13.4,#1D428A,GSW,"2022"
Jarred Vanderbilt,4.6,3.2,0.8,0.7,0.8,40.0,0.5,70.0,0.9,16.5,#552A83,LAL,
Keegan Murray,9.7,6.3,0.7,0.6,0.3,44.8,1.7,66.7,0.6,27.7,#5A2D81,SAC,
John Collins,11.3,4.3,0.8,0.3,1.0,43.3,1.8,83.3,1.5,27.3,#E03A3E,ATL,
Spencer Dinwiddie,16.5,3.2,6.5,1.2,0.2,43.1,1.8,68.2,3.0,39.8,#000000,BRK,
Kevin Huerter,9.1,4.4,1.1,0.4,1.3,34.7,1.1,75.0,0.6,26.1,#5A2D81,SAC,
Dillon Brooks,10.5,3.0,1.8,0.2,0.0,31.2,1.7,71.4,1.2,27.8,#5D76A9,MEM,
Christian Braun,3.2,2.1,0.6,0.6,0.2,53.3,0.1,57.9,0.5,13.0,#0E2240,DEN,"2023"
Haywood Highsmith,3.3,1.3,0.3,0.6,0.1,61.5,0.4,80.0,0.1,8.9,#98002E,MIA,
Mike Conley,12.0,2.6,6.4,0.6,0.0,47.6,2.0,90.9,1.4,36.6,#0C2340,MIN,
Grayson Allen,11.6,2.4,1.8,0.4,0.0,46.3,2.8,85.7,0.8,29.8,#00471B,MIL,
Cameron Payne,8.1,2.0,2.9,0.4,0.3,47.9,1.6,0.0,1.3,21.7,#E56020,PHO,
P.J. Tucker,4.9,4.5,1.5,1.2,0.3,37.3,1.3,66.7,0.5,26.7,#006BB6,PHI,"2021"
Terance Mann,10.6,3.2,2.2,0.8,0.2,57.6,1.8,66.7,1.8,26.6,#C8102E,LAC,
Xavier Tillman Sr.,8.7,8.0,3.2,0.7,0.7,53.3,0.2,60.0,0.7,30.5,#5D76A9,MEM,
Paul Reed,4.6,5.5,0.6,0.5,0.4,57.9,0.0,100.0,0.5,14.3,#006BB6,PHI,
Eric Gordon,10.2,1.4,2.6,0.6,0.4,40.9,2.0,83.3,0.8,29.8,#C8102E,LAC,
Clint Capela,8.3,8.3,0.5,1.0,0.5,60.5,0.0,66.7,0.7,25.2,#E03A3E,ATL,
Davion Mitchell,7.1,1.3,1.7,0.9,0.1,41.3,1.0,83.3,0.9,20.0,#5A2D81,SAC,
Evan Mobley,9.8,10.0,2.0,0.6,1.2,45.8,0.0,62.5,2.4,37.6,#860038,CLE,
Bobby Portis,9.6,8.2,1.2,0.6,0.4,48.8,1.0,100.0,0.8,21.4,#00471B,MIL,"2021"
Pat Connaughton,12.0,5.0,1.8,1.0,0.2,56.7,2.8,75.0,0.5,22.0,#00471B,MIL,"2021"
Landry Shamet,4.8,1.7,1.1,0.2,0.1,37.8,1.1,75.0,0.4,18.4,#E56020,PHO,
Georges Niang,4.4,0.4,0.2,0.0,0.2,50.0,1.1,0.0,0.5,14.3,#006BB6,PHI,
Jarrett Allen,9.4,7.4,2.4,0.8,1.0,61.1,0.0,50.0,0.6,38.2,#860038,CLE,
Ivica Zubac,9.2,9.6,0.6,0.6,0.2,56.7,0.0,75.0,2.2,26.0,#C8102E,LAC,
Trey Lyles,6.6,5.7,0.7,0.3,0.0,42.5,1.3,60.0,0.4,16.9,#5A2D81,SAC,
Cody Zeller,2.2,2.3,0.3,0.1,0.2,57.1,0.0,40.0,0.6,8.3,#98002E,MIA,
Quentin Grimes,5.1,2.8,1.4,1.0,0.6,30.4,1.0,81.8,1.1,26.9,#F58426,NYK,
Saddiq Bey,7.5,4.0,1.0,0.5,0.0,37.5,1.2,88.9,0.3,22.2,#E03A3E,ATL,
Jock Landale,6.1,4.0,0.4,0.4,0.4,63.0,0.0,64.3,0.3,16.1,#E56020,PHO,
Bones Hyland,8.6,0.8,0.8,0.8,0.2,34.1,1.0,80.0,0.8,16.4,#C8102E,LAC,
Nic Claxton,10.5,8.0,1.5,0.2,1.8,72.0,0.0,60.0,0.8,29.2,#000000,BRK,
Nickeil Alexander-Walker,8.4,2.0,1.4,0.6,0.2,42.9,2.0,66.7,0.8,29.6,#0C2340,MIN,
Mason Plumlee,8.2,6.8,1.8,0.4,0.4,87.5,0.0,92.9,0.6,18.2,#C8102E,LAC,
Josh Okogie,4.1,2.1,1.3,0.6,0.2,37.8,0.2,84.6,0.3,17.5,#E56020,PHO,
Santi Aldama,6.5,4.3,1.2,0.5,0.0,45.5,1.2,100.0,0.3,16.8,#5D76A9,MEM,
Taurean Prince,7.8,1.4,0.8,0.6,0.2,36.4,1.6,77.8,1.0,20.0,#0C2340,MIN,
Onyeka Okongwu,6.0,6.3,1.2,0.3,1.3,60.0,0.2,50.0,1.2,21.8,#E03A3E,ATL,
Luke Kennard,7.2,4.0,1.4,0.8,0.0,52.2,1.6,100.0,0.2,21.4,#5D76A9,MEM,
Joe Ingles,6.8,1.2,2.0,0.6,0.2,52.2,2.0,0.0,1.2,17.8,#00471B,MIL,
Jonathan Kuminga,3.4,0.9,0.5,0.2,0.0,54.2,0.3,55.6,0.4,6.1,#1D428A,GSW,"2022"
Isaiah Hartenstein,3.1,4.6,1.3,0.8,1.4,47.8,0.0,75.0,0.5,20.0,#F58426,NYK,
Kyle Anderson,8.5,4.0,4.5,1.8,0.5,50.0,0.5,100.0,1.5,26.0,#0C2340,MIN,
Malik Beasley,3.0,0.7,0.2,0.1,0.0,29.4,0.6,100.0,0.2,8.3,#552A83,LAL,
Isaac Okoro,6.4,1.4,0.8,0.4,0.4,47.8,0.8,100.0,0.8,15.0,#860038,CLE,
Payton Pritchard,3.2,0.6,1.1,0.1,0.0,54.5,0.4,80.0,0.5,5.7,#007A33,BOS,
Sam Hauser,2.0,1.1,0.3,0.1,0.1,34.5,0.5,100.0,0.0,6.9,#007A33,BOS,
Cedi Osman,6.0,3.0,1.0,0.4,0.2,36.0,1.2,66.7,1.0,18.6,#860038,CLE,
Tyus Jones,4.5,3.0,3.7,1.3,0.0,30.6,0.5,66.7,1.3,20.0,#5D76A9,MEM,
Bismack Biyombo,3.4,3.4,0.8,0.0,1.2,56.3,0.0,50.0,0.8,9.8,#E56020,PHO,
Jalen Johnson,4.3,2.5,1.3,0.5,0.0,41.7,0.7,100.0,0.8,9.3,#E03A3E,ATL,
Dorian Finney-Smith,6.2,4.5,0.8,0.8,0.5,39.1,1.8,0.0,1.2,25.2,#000000,BRK,
Terence Davis,6.0,2.2,1.5,0.2,0.0,40.0,1.5,100.0,0.5,14.5,#5A2D81,SAC,
JaMychal Green,3.3,0.7,0.4,0.0,0.1,39.1,0.7,0.0,0.3,7.0,#1D428A,GSW,
David Roddy,3.8,2.8,0.7,0.0,0.3,27.6,1.0,100.0,0.2,12.7,#5D76A9,MEM,
Terrence Ross,3.7,1.3,0.2,0.2,0.3,29.6,1.0,0.0,0.2,11.5,#E56020,PHO,
Nicolas Batum,4.4,2.2,1.2,0.4,0.4,42.1,1.2,0.0,0.4,18.4,#C8102E,LAC,
Troy Brown Jr.,1.8,2.0,0.9,0.2,0.1,35.7,0.2,0.0,0.0,10.3,#552A83,LAL,
Royce O'Neale,5.0,4.2,3.5,1.2,0.2,24.1,1.0,100.0,1.0,29.5,#000000,BRK,
Danuel House Jr.,2.9,1.7,0.1,0.0,0.0,42.9,0.1,100.0,0.1,6.0,#006BB6,PHI,
Alex Len,2.7,2.9,0.1,0.0,0.4,77.8,0.0,83.3,1.0,7.7,#5A2D81,SAC,
Jalen McDaniels,2.4,2.0,0.6,0.1,0.0,40.0,0.4,0.0,0.4,12.8,#006BB6,PHI,
Luke Kornet,2.1,1.2,0.0,0.0,0.1,87.5,0.1,100.0,0.0,4.0,#007A33,BOS,
Damion Lee,2.1,1.4,0.6,0.2,0.0,30.0,0.4,100.0,0.1,11.1,#E56020,PHO,
T.J. Warren,2.7,1.2,0.5,0.2,0.5,31.6,0.2,75.0,0.2,13.5,#E56020,PHO,
Jaylen Nowell,3.2,1.0,0.6,0.0,0.0,23.1,0.6,50.0,0.4,12.4,#0C2340,MIN,
Max Christie,1.4,0.8,0.3,0.0,0.1,50.0,0.1,50.0,0.0,3.7,#552A83,LAL,
Tristan Thompson,1.8,1.7,0.3,0.0,0.0,45.5,0.0,20.0,0.2,5.3,#552A83,LAL,"2016"
Wenyen Gabriel,1.0,0.9,0.0,0.2,0.3,40.0,0.0,66.7,0.2,3.7,#552A83,LAL,
Shaquille Harrison,1.2,0.4,1.1,0.2,0.0,57.1,0.1,50.0,0.0,3.5,#552A83,LAL,
Austin Rivers,2.5,1.2,0.2,0.2,0.0,50.0,0.5,0.0,0.2,11.5,#0C2340,MIN,
Jaden Springer,2.2,0.0,0.0,0.2,0.0,100.0,0.0,50.0,0.2,4.2,#006BB6,PHI,
Mike Muscala,1.5,0.7,0.2,0.0,0.0,50.0,0.3,75.0,0.2,3.5,#007A33,BOS,
Shake Milton,1.3,0.5,0.3,0.3,0.0,60.0,0.0,100.0,0.2,3.5,#006BB6,PHI,
Kenneth Lofton Jr.,1.8,0.8,0.2,0.0,0.0,37.5,0.0,50.0,0.0,3.0,#5D76A9,MEM,
Jae Crowder,1.8,1.0,0.8,0.5,0.0,23.1,0.0,50.0,0.2,10.2,#00471B,MIL,
Joe Harris,1.8,1.2,0.0,0.5,0.0,15.4,0.2,100.0,0.8,11.0,#000000,BRK,
Anthony Lamb,0.8,1.0,0.0,0.2,0.2,40.0,0.2,0.0,0.3,5.2,#1D428A,GSW,
DeAndre Jordan,1.2,1.0,0.2,0.0,0.2,66.7,0.0,50.0,0.5,3.5,#0E2240,DEN,"2023"
Jevon Carter,1.2,1.0,1.0,0.2,0.0,22.2,0.2,0.0,0.0,12.2,#00471B,MIL,
Peyton Watson,1.0,0.8,0.2,0.0,0.2,40.0,0.2,0.0,0.2,2.8,#0E2240,DEN,"2023"
Zeke Nnaji,1.0,0.4,0.0,0.2,0.0,50.0,0.2,0.0,0.2,2.4,#0E2240,DEN,"2023"
Ziaire Williams,1.2,0.5,0.5,0.0,0.0,28.6,0.2,0.0,0.5,3.0,#5D76A9,MEM,
John Konchar,0.8,2.0,0.8,0.4,0.4,22.2,0.0,0.0,0.2,9.8,#5D76A9,MEM,
Omer Yurtseven,0.5,0.6,0.1,0.0,0.1,28.6,0.0,0.0,0.1,2.0,#98002E,MIA,
Miles McBride,0.4,0.2,0.1,0.0,0.1,25.0,0.1,0.0,0.0,2.5,#F58426,NYK,
Ish Wainright,0.5,0.2,0.0,0.0,0.2,25.0,0.2,0.0,0.0,3.5,#E56020,PHO,
Reggie Jackson,0.5,0.3,0.3,0.2,0.0,50.0,0.2,0.0,0.2,3.0,#0E2240,DEN,"2023"
Danny Green,0.8,1.8,0.2,0.5,0.2,20.0,0.2,0.0,0.5,10.0,#860038,CLE,"2014,2019,2020"
Justin Champagnie,0.5,0.0,0.0,0.0,0.0,25.0,0.0,0.0,0.0,2.5,#007A33,BOS,
Nikola Jović,0.3,0.7,0.0,0.0,0.0,25.0,0.0,0.0,0.0,1.9,#98002E,MIA,
Ish Smith,0.5,0.2,0.2,0.0,0.0,50.0,0.0,0.0,0.0,3.0,#0E2240,DEN,"2023"
Kessler Edwards,0.0,0.2,0.0,0.0,0.0,0.0,0.0,0.0,0.0,1.2,#5A2D81,SAC,
Vlatko Čančar,0.0,0.6,0.2,0.0,0.0,0.0,0.0,0.0,0.0,2.0,#0E2240,DEN,"2023"
